price,url
,https://www.oneill.com/eu/en/charger-parka-jacket/9P1070-5056-140.html
,https://www.oneill.com/eu/en/mingo-denim-pants/0A2782-1250-104.html
,https://www.oneill.com/eu/en/tito-denim-pants/0A2780-1250-104.html
,https://www.oneill.com/nl/en/transit-jacket/8P1072-5112-128.html
,
,https://www.oneill.com/fr/en/stringer-denim-pants/9P2772-5204-128.html
,https://www.oneill.com/eu/en/friday-night-chino-shorts/0A2570-6077-140.html
,https://www.oneill.com/eu/en/5-pocket-denim-pants/0A2776-1250-104.html
,https://www.oneill.com/eu/en/friday-night-chino-shorts/0A2570-7507-128.html
,
,https://www.oneill.com/eu/en/cali-beach-cargo-shorts/0A2572-5209-104.html
,https://www.oneill.com/eu/en/cali-beach-cargo-shorts/0A2572-6920-104.html
,https://www.oneill.com/eu/en/friday-night-chino-shorts/0A2570-9010-104.html
,https://www.oneill.com/nl/en/charger-parka-jacket/9P1070-6077-116.html
,
,https://www.oneill.com/eu/en/sherpa-camo-half-zip-hoodie-superfleece/9P1174-6900-116.html
,https://www.oneill.com/eu/en/surfs-out-shorts/9A2576-5014-152.html
,
,https://www.oneill.com/eu/en/friday-night-chino-shorts/0A2582-6151-104.html
,https://www.oneill.com/eu/en/fawn-logo-sweatshirt/9P1478-8026-128.html
,https://www.oneill.com/eu/en/cali-beach-cargo-shorts/0A2572-6077-140.html
,https://www.oneill.com/eu/en/logo-crew-sweatshirt/8P3662-9010-116.html
,https://www.oneill.com/dk/en/newton--sweatshirt/9P1476-9900-152.html
,https://www.oneill.com/nl/en/the-oneill-ride-sweatshirt/8P1482.html?cgid=boys-discover-new-collection-fall-winter&dwvar_8P1482_color=5056
,https://www.oneill.com/eu/en/horizon-pocket-t-shirt/0A2476-1030-140.html
,
,https://www.oneill.com/eu/en/tech-zip-thru-sweatshirt/0A1490-5204-128.html
,
,https://www.oneill.com/eu/en/tech-zip-thru-sweatshirt/0A1490-6096-116.html
,https://www.oneill.com/eu/en/horizon-pocket-t-shirt/0A2476-8001-140.html
,https://www.oneill.com/eu/en/mateo-striped-t-shirt/0A2482-5950-128.html
,https://www.oneill.com/eu/en/colorblock-hoodie/0A1488-6920-104.html
,https://www.oneill.com/eu/en/sweat-shorts/0A2578-6920-128.html
,https://www.oneill.com/eu/en/mateo-striped-t-shirt/0A2482-5930-116.html
,https://www.oneill.com/eu/en/newton--sweatshirt/9P1476-6900-116.html
,https://www.oneill.com/eu/en/back-print-t-shirt/9A2478-9010-104.html
,https://www.oneill.com/eu/en/boxy-t-shirt/0A2496-2533-116.html
,https://www.oneill.com/at/en/boxy-t-shirt/0A2496-6920-128.html
,https://www.oneill.com/eu/en/vert-swim-shorts/9A3278-5014-128.html
,https://www.oneill.com/at/en/cali-swim-shorts/0A3288-3121-104.html
,https://www.oneill.com/eu/en/boxy-t-shirt/0A2496-6910-104.html
,https://www.oneill.com/eu/en/jacks-base-t-shirt/9A2482-2523-140.html
,https://www.oneill.com/eu/en/stacked-swim-shorts/0A3276-6920-104.html
,https://www.oneill.com/eu/en/horizon-swim-shorts/0A3280-5900-128.html
,https://www.oneill.com/nl/en/jack-full-zip-fleece/8P0274-6058-128.html
,https://www.oneill.com/eu/en/double-up-swim-shorts/0A3274-5900-152.html
,https://www.oneill.com/eu/en/hyperfreak-heist-line-boardshort/0A3172-8900-104.html
,https://www.oneill.com/eu/en/jack-full-zip-fleece/8P0274-5112-128.html
,
,https://www.oneill.com/eu/en/crew-ski-fleece/9P0274-6058-116.html
,https://www.oneill.com/nl/en/1-4-zip-ski-fleece/9P0276-6058-128.html
,
,
,
,https://www.oneill.com/eu/en/statement-ski-snowboard-jacket/8P0084-5112-128.html
,https://www.oneill.com/eu/en/igneous-ski-jacket/9P0074-5075-128.html
,https://www.oneill.com/eu/en/statement-ski-snowboard-jacket/8P0084-5056-140.html
,
,https://www.oneill.com/eu/en/aplite-ski-jacket/9P0078-9010-104.html
,https://www.oneill.com/eu/en/halite-ski-jacket/9P0080-6960-104.html
,https://www.oneill.com/eu/en/halite-ski-jacket/9P0080-9900-104.html
,https://www.oneill.com/eu/en/bib-ski-snowboard-pants/8P3070-5056-140.html
,https://krunamode.hr/en/kids/kids-snowwear/kids-fleeces/majica-9p0272-5075-104.html
,https://www.oneill.com/eu/en/anvil-ski-snowboard-pants/8P3072-2521-128.html
,https://www.oneill.com/eu/en/halite-ski-jacket/9P0080-6900-104.html
,https://www.oneill.com/eu/en/anvil-ski-snowboard-pants/8P3072-5112-128.html
,https://www.oneill.com/eu/en/aplite-ski-jacket/9P0078-6058-104.html
,https://krunamode.hr/en/kids/kids-snowwear/kids-ski-snowboard-jackets/jakna-9p0080-5900-116.html
,
,
,https://www.oneill.com/eu/en/magnatite-ski-jacket/9P0082-5075-152.html
,https://www.oneill.com/eu/en/igneous-ski-jacket/9P0074-6058-104.html
,https://www.oneill.com/eu/en/anvil-ski-pants/9P3072-2518-176.html
,
,https://www.amazon.in/ONeill-Anvil-Trousers-8P3072-6025-164-Dresden/dp/B07FZDMMXV
,https://www.oneill.com/eu/en/bib-ski-pants/9P3070-6058-116.html
,
,https://www.oneill.com/eu/en/5-pocket-denim-shorts/0A2576-5056-104.html
,https://krunamode.hr/en/women/womens-accessories/womens-beanies/kapa-9p9172-6149-0.html
,http://users.telenet.be/Vanhuynegem/pdf/R.pdf
,https://www.oneill.com/eu/en/anvil-ski-pants/9P3072-6058-128.html
,https://www.oneill.com/eu/en/beach-staw-bag/0A9070-7507-0.html
,
,https://www.oneill.com/eu/en/ditsy-sandals/0A9970-3121-301.html
,https://www.oneill.com/gb/en/woven-sandals/0A9972-6960-301.html
,https://www.oneill.com/eu/en/soft-knit-beanie/9P9174-3021-0.html
,https://www.oneill.com/eu/en/lola-tunique-dress/0A8971-4900-140.html
,https://www.oneill.com/eu/en/hooded-side-zip-sweater-dress/0A8986-4920-104.html
,https://www.oneill.com/eu/en/fedora-hat/0A9170-7507-54.html
,https://www.oneill.com/eu/en/summer-playsuit/0A8988-1940-104.html
,https://www.oneill.com/eu/en/summer-playsuit/0A8988-4960-104.html
,
,https://www.oneill.com/eu/en/hazel-fleece/9P5270-4048-116.html
,https://www.oneill.com/eu/en/hooded-side-zip-sweater-dress/0A8986-5204-116.html
,https://www.oneill.com/eu/en/hazel-fleece/9P5270-1030-116.html
,
,https://www.oneill.com/eu/en/woven-sandals/0A9972-5950-32.html
,https://www.oneill.com/eu/en/branded-waistband-summer-sweatpants/0A7774-8001-128.html
,https://www.oneill.com/eu/en/milla-sweatpants/9P7772-4048-140.html
,https://www.oneill.com/eu/en/branded-waistband-jersey-legging/0A7782-4920-104.html
,https://www.oneill.com/fr/en/transit-touring-jacket/9P6070-3000-104.html
,
,https://www.oneill.com/eu/en/knit-denim-wide-leg-pants/0A7786-1250-104.html
,https://www.oneill.com/be/en/yfke-jegging-denim-pants/0A7790-1250-104.html
,https://www.oneill.com/nl/en/cali-palm-twill-shorts/0A7576-5204-104.html
,https://www.oneill.com/eu/en/branded-waistband-ruffle-skirt/0A7870-4920-128.html
,https://www.oneill.com/eu/en/woven-summer-shorts/0A7580-1940-104.html
,https://www.oneill.com/eu/en/sherpa-camo-half-zip-hoodie/9P6174-6900-116.html
,https://www.oneill.com/de/en/branded-waistband-ruffle-skirt/0A7870-5204-128.html
,
,https://www.oneill.com/eu/en/cali-palm-twill-shorts/0A7576-1030-104.html
,https://www.oneill.com/eu/en/mia-crew-sweatshirt/0A6474-8101-128.html
,https://www.oneill.com/fr/fr/branded-waistband-jersey-legging/0A7782-3124-128.html
,https://www.oneill.com/dk/en/surf-tanktop/0A7272-1030-104.html
,https://www.oneill.com/fr/en/surf-gear-tanktop/0A7280-4540-128.html
,https://www.oneill.com/eu/en/branded-waistband-summer-sweatpants/0A7774-5204-104.html
,https://www.oneill.com/eu/en/surf-gear-tanktop/0A7280-6151-104.html?channable=e96832.MEE3MjgwLTYxNTEtMTA0
,https://www.total-store.cz/mikina-oneill-mountan-chase-sweatshirt-8P6480-8900
,https://www.oneill.com/eu/en/robyn-tanktop/0A7382-6082-128.html
,https://www.oneill.com/eu/en/transit-touring-jacket/9P6070-3021-128.html
,https://www.oneill.com/eu/en/woven-summer-shorts/0A7580-4960-104.html
,https://www.oneill.com/be/nl/mountain-gaze-long-sleeve-t-shirt/8P7170-3350-116.html
,https://www.thekidsrepublic.nl/artikel/o%60neill/0a8372-6940/detail.php?m_ge=[j;m;u]&m_me=one&m_li=93&at=01one00517&mt=128&mt_def=j
,https://www.oneill.com/eu/en/mia-crew-sweatshirt/0A6474-6082-128.html
,https://www.oneill.com/eu/en/surf-tanktop/0A7272-5204-116.html
,https://www.oneill.com/eu/en/summer-tanktop/0A7383-1940-104.html
,https://www.oneill.com/eu/en/ilana-sweatshirt/9P6470-4048-128.html
,https://www.oneill.com/de/en/summer-tanktop/0A7383-4960-104.html
,https://www.oneill.com/eu/en/palm-t-shirt/0A7392-6082-140.html
